{
  "RootObjectId": 23102,
  "Blocks": [
    {
      "Name": "GameObject",
      "ObjectId": -2930,
      "ParentId": 23102,
      "Position": {
        "x": 0.0,
        "y": 0.0,
        "z": 0.0
      },
      "Rotation": {
        "x": 0.0,
        "y": 0.0,
        "z": 0.0
      },
      "BlockType": 0
    },
    {
      "Name": "Cube",
      "ObjectId": -1808,
      "ParentId": -2930,
      "Position": {
        "x": 0.0,
        "y": 0.0,
        "z": 0.0
      },
      "Rotation": {
        "x": 0.0,
        "y": 0.0,
        "z": 0.0
      },
      "Scale": {
        "x": 0.2,
        "y": 0.2,
        "z": 0.8
      },
      "BlockType": 1,
      "Properties": {
        "PrimitiveType": 3,
        "Color": "FFFFFFFF",
        "PrimitiveFlags": 3
      }
    },
    {
      "Name": "Cube (1)",
      "ObjectId": -2538,
      "ParentId": -2930,
      "Position": {
        "x": 0.0,
        "y": 0.0,
        "z": 0.0
      },
      "Rotation": {
        "x": 0.0,
        "y": 90.0,
        "z": 0.0
      },
      "Scale": {
        "x": 0.200000018,
        "y": 0.2,
        "z": 0.8000001
      },
      "BlockType": 1,
      "Properties": {
        "PrimitiveType": 3,
        "Color": "FFFFFFFF",
        "PrimitiveFlags": 3
      }
    }
  ]
}