{
  "RootObjectId": -7696,
  "Blocks": [
    {
      "Name": "GameObject",
      "ObjectId": -7708,
      "ParentId": -7696,
      "Position": {
        "x": 0.0,
        "y": 0.0,
        "z": 0.0
      },
      "Rotation": {
        "x": 0.0,
        "y": 0.0,
        "z": 0.0
      },
      "BlockType": 0
    },
    {
      "Name": "Cube",
      "ObjectId": -7700,
      "ParentId": -7708,
      "Position": {
        "x": 0.0,
        "y": 0.0,
        "z": 0.0
      },
      "Rotation": {
        "x": 0.0,
        "y": 0.0,
        "z": 0.0
      },
      "Scale": {
        "x": 0.4,
        "y": 0.2,
        "z": 0.4
      },
      "BlockType": 1,
      "Properties": {
        "PrimitiveType": 3,
        "Color": "FFFFFFFF",
        "PrimitiveFlags": 3
      }
    },
    {
      "Name": "Cube (1)",
      "ObjectId": -8694,
      "ParentId": -7708,
      "Position": {
        "x": 0.0,
        "y": 0.0,
        "z": -0.2
      },
      "Rotation": {
        "x": 0.0,
        "y": 0.0,
        "z": 0.0
      },
      "Scale": {
        "x": 0.2,
        "y": 0.2,
        "z": 0.2
      },
      "BlockType": 1,
      "Properties": {
        "PrimitiveType": 3,
        "Color": "FFFFFFFF",
        "PrimitiveFlags": 3
      }
    }
  ]
}