{
  "RootObjectId": -3224,
  "Blocks": [
    {
      "Name": "GameObject",
      "ObjectId": -3204,
      "ParentId": -3224,
      "Position": {
        "x": 0.0,
        "y": 0.0,
        "z": 0.0
      },
      "Rotation": {
        "x": 0.0,
        "y": 0.0,
        "z": 0.0
      },
      "BlockType": 0
    },
    {
      "Name": "Cube",
      "ObjectId": -3220,
      "ParentId": -3204,
      "Position": {
        "x": 0.0,
        "y": 0.0,
        "z": 0.0
      },
      "Rotation": {
        "x": 0.0,
        "y": 90.0,
        "z": 0.0
      },
      "Scale": {
        "x": 0.2,
        "y": 0.2,
        "z": 0.8
      },
      "BlockType": 1,
      "Properties": {
        "PrimitiveType": 3,
        "Color": "FFFFFFFF",
        "PrimitiveFlags": 3
      }
    },
    {
      "Name": "Cube (1)",
      "ObjectId": -3206,
      "ParentId": -3204,
      "Position": {
        "x": 0.0,
        "y": 0.0,
        "z": -0.2
      },
      "Rotation": {
        "x": 0.0,
        "y": 0.0,
        "z": 0.0
      },
      "Scale": {
        "x": 0.200000018,
        "y": 0.2,
        "z": 0.4
      },
      "BlockType": 1,
      "Properties": {
        "PrimitiveType": 3,
        "Color": "FFFFFFFF",
        "PrimitiveFlags": 3
      }
    }
  ]
}