{
  "RootObjectId": -5278,
  "Blocks": [
    {
      "Name": "GameObject",
      "ObjectId": -5258,
      "ParentId": -5278,
      "Position": {
        "x": 0.0,
        "y": 0.0,
        "z": 0.0
      },
      "Rotation": {
        "x": 0.0,
        "y": 0.0,
        "z": 0.0
      },
      "BlockType": 0
    },
    {
      "Name": "Cube",
      "ObjectId": -5274,
      "ParentId": -5258,
      "Position": {
        "x": 0.0,
        "y": 0.0,
        "z": 0.0
      },
      "Rotation": {
        "x": 0.0,
        "y": 0.0,
        "z": 0.0
      },
      "Scale": {
        "x": 0.2,
        "y": 0.2,
        "z": 0.8
      },
      "BlockType": 1,
      "Properties": {
        "PrimitiveType": 3,
        "Color": "FFFFFFFF",
        "PrimitiveFlags": 3
      }
    }
  ]
}