{
  "RootObjectId": -4096,
  "Blocks": [
    {
      "Name": "GameObject",
      "ObjectId": -4116,
      "ParentId": -4096,
      "Position": {
        "x": 0.0,
        "y": 0.0,
        "z": 0.0
      },
      "Rotation": {
        "x": 0.0,
        "y": 0.0,
        "z": 0.0
      },
      "BlockType": 0
    },
    {
      "Name": "Cube",
      "ObjectId": -4100,
      "ParentId": -4116,
      "Position": {
        "x": 0.0,
        "y": 0.0,
        "z": 0.2
      },
      "Rotation": {
        "x": 0.0,
        "y": 0.0,
        "z": 0.0
      },
      "Scale": {
        "x": 0.2,
        "y": 0.2,
        "z": 0.4
      },
      "BlockType": 1,
      "Properties": {
        "PrimitiveType": 3,
        "Color": "FFFFFFFF",
        "PrimitiveFlags": 3
      }
    },
    {
      "Name": "Cube (1)",
      "ObjectId": -4114,
      "ParentId": -4116,
      "Position": {
        "x": 0.2,
        "y": 0.0,
        "z": 0.0
      },
      "Rotation": {
        "x": 0.0,
        "y": 90.0,
        "z": 0.0
      },
      "Scale": {
        "x": 0.200000018,
        "y": 0.2,
        "z": 0.4
      },
      "BlockType": 1,
      "Properties": {
        "PrimitiveType": 3,
        "Color": "FFFFFFFF",
        "PrimitiveFlags": 3
      }
    },
    {
      "Name": "Cylinder",
      "ObjectId": -7272,
      "ParentId": -4116,
      "Position": {
        "x": 0.0,
        "y": 0.0,
        "z": 0.0
      },
      "Rotation": {
        "x": 0.0,
        "y": 0.0,
        "z": 0.0
      },
      "Scale": {
        "x": 0.2,
        "y": 0.1,
        "z": 0.2
      },
      "BlockType": 1,
      "Properties": {
        "PrimitiveType": 2,
        "Color": "FFFFFFFF",
        "PrimitiveFlags": 3
      }
    }
  ]
}